;ODS;17 Dell Monitor;;"CN-0C2JMK-74445-0C4-195U;;;;;;;;;;;ODS;ODS OVERHEAD
;ODS;17 Viewsonic Monitor;;"qmz072605220;;;;;;;;;;;ODS;ODS Overhead
;ODS;19 Westinghouse Monitor;;"5150V72405334;;;;;;;;;;;ODS;ODS OVERHEAD
;ODS;Air Compressor, CABRSA;;2802022017;;;;;;;;;;;ODS;ODS Overhead
;ODS;COUGAR Dash Main [MILODS-COUGAR-2008.0];;COUGAR-2008-063;MILODS-COUGAR-2008.0;;;;;;;;;;ODS;ODS Overhead
;ODS;Dash - HMMWV - Side;;HMMWV-M1114-057;;;;;;;;;;;ODS;ODS BULKHEAD
;ODS;Dash - HMMWV - Side;;HMMWV-M1114-058;;;;;;;;;;;ODS;ODS BULKHEAD
;ODS;Dehumidifier;;D205038890113722200033;;;;;;;;;;;ODS;ODS IOS
;ODS;Dual Rail 16 Port LCD KVM [RM-KB-LCD17X16KVM];;4310a20048;RM-KB-LCD17X16KVM;;;;;;;;;;ODS;ODS
;ODS;Honeywell Card Scanner [3900LX];;AB-31-01528;3900LX;;;;;;;;;;ODS;ODS IOS
;ODS;Honeywell Card Scanner [3900LX];;AB-31-01530;3900LX;;;;;;;;;;ODS;ODS IOS
;ODS;HP Laser Jet Printer [P2055dn];;VNB3D0588;P2055dn;;;;;;;;;;ODS;ODS IOS
;ODS;IOS Juice Goose 20 amp A.C. Power Sequencer [CQ 1520];;200697;;;;;;;;;;;ODS;ODS IOS
;ODS;IOS Juice Goose 20 amp A.C. Power Sequencer [CQ 1520];;200698;;;;;;;;;;;ODS;ODS IOS
;ODS;IOS Juice Goose 20 amp A.C. Power Sequencer [CQ 1520];;200699;;;;;;;;;;;ODS;ODS IOS
;ODS;juice goose line conditioner [cq2200];;136305;cq2200;;;;;;;;;;ODS;ODS STS2 Juice Goose
;ODS;juice goose line conditioner [cq2200];;136308;cq2200;;;;;;;;;;ODS;ODS STS2 Juice Goose
;ODS;juice goose line conditioner [cq2200];;136884;cq2200;;;;;;;;;;ODS;ODS STS1 Juice Goose
;ODS;juice goose line conditioner [cq2200];;136885;cq2200;;;;;;;;;;ODS;ODS STS1 Juice Goose
;ODS;Logitech Keyboard [Deluxe 250];;;;;;;;;;;;;ODS;ODS IOS
;ODS;Logitech Mouse [LX3 Optical Mouse];;;;;;;;;;;;;ODS;ODS
;ODS;MATV Dash Main [MILODS-MATV-M1240.0];;MATV-M1240-026;MILODS-MATV-M1240.0;;;;;;;;;;ODS;ODS Overhead
;ODS;MATV Dash Main [MILODS-MATV-M1240.0];;MATV-M1240-061;MILODS-MATV-M1240.0;;;;;;;;;;ODS;ODS Overhead
;ODS;MTVR Dash Main [MILODS-MTVR-MK23.0];;MTVR-MK23-057;MILODS-MTVR-MK23.0;;;;;;;;;;ODS;ODS BULKHEAD
;ODS;MTVR Dash Main [MILODS-MTVR-MK23.0];;MTVR-MK23-058;MILODS-MTVR-MK23.0;;;;;;;;;;ODS;ODS BULKHEAD
;ODS;NEC 21 Monitor [LCD2190UXP];;"8430411GA;LCD2190UXP;;;;;;;;;;ODS;ODS IOS
;ODS;NEC 21 Monitor [LCD2190UXP];;"84304350GA;LCD2190UXP;;;;;;;;;;ODS;ODS IOS
;ODS;(ODS) HMMWV main dash instrument panel;;HMMWV-M1114-057;;;;;;;;;;;ODS;ODS BULKHEAD
;ODS;(ODS) HMMWV main dash instrument panel;;HMMWV-M1114-058;;;;;;;;;;;ODS;ODS BULKHEAD
;ODS;(ODS) HMMWV main dash - Shifter;;HMMWV-M1114-057;;;;;;;;;;;ODS;ODS BULKHEAD
;ODS;(ODS) HMMWV main dash - Shifter;;HMMWV-M1114-058;;;;;;;;;;;ODS;ODS BULKHEAD
;ODS;ODS IG [OEM-A6142-00-IG];;1572175;OEM-A6142-00-IG;;;;;;;;;;ODS;AWP BAY 3
;ODS;ODS IG [OEM-A6142-00-IG];;1833665;OEM-A6142-00-IG;;;;;;;;;;ODS;ODS IOS
;ODS;ODS IG [OEM-A6142-00-IG];;1833666;OEM-A6142-00-IG;;;;;;;;;;ODS;ODS IOS
;ODS;ODS IG [OEM-A6142-00-IG];;1833668;OEM-A6142-00-IG;;;;;;;;;;ODS;ODS IOS
;ODS;ODS IG [OEM-A6142-00-IG];;1833670;OEM-A6142-00-IG;;;;;;;;;;ODS;ODS IOS
;ODS;ODS IG [OEM-A6142-00-IG];;1833673;OEM-A6142-00-IG;;;;;;;;;;ODS;ODS IOS
;ODS;ODS IG [OEM-A6142-00-IG];;1834508;OEM-A6142-00-IG;;;;;;;;;;ODS;ODS IOS
;ODS;ODS IG [OEM-A6142-00-IG];;1834510;OEM-A6142-00-IG;;;;;;;;;;ODS;ODS IG2-1
;ODS;ODS IG [OEM-A6142-00-IG];;1840962;OEM-A6142-00-IG;;;;;;;;;;ODS;ODS SPARE
;ODS;ODS IG [OEM-A6142-00-IG];;1840964;OEM-A6142-00-IG;;;;;;;;;;ODS;ODS SPARE
;ODS;ODS IG [OEM-A6142-00-IG];;1843563;OEM-A6142-00-IG;;;;;;;;;;ODS;ODS SPARE
;ODS;ODS IOS [OEM-A3430-02-IOS];;1572503;OEM-A3430-02-IOS;;;;;;;;;;ODS;Bay 6 IOS  SPARE
;ODS;ODS IOS [OEM-A3430-02-IOS];;1572663;OEM-A3430-02-IOS;;;;;;;;;;ODS;Bay 6 IOS  SPARE (Parts)
;ODS;ODS IOS [OEM-A3430-02-IOS];;1572685;OEM-A3430-02-IOS;;;;;;;;;;ODS;Bay 6 IOS  SPARE
;ODS;ODS IOS [OEM-A3430-02-IOS];;1650826;OEM-A3430-02-IOS;;;;;;;;;;ODS;ODS IOS
;ODS;(ODS) MRAP Dash-Cougar-Main;;107281-11;;;;;;;;;;;ODS;ODS BULKHEAD
;ODS;ODS Seat Shaker Controller [02002-1];;0205;02002-1;;;;;;;;;;ODS;ODS STS 2
;ODS;ODS Seat Shaker Controller [02002-1];;0208;02002-1;;;;;;;;;;ODS;ODS STS 1
;ODS;ODS Steering Controller, Fixed [02001-1];;0047;02001-1;;;;;;;;;;ODS;STS-1
;ODS;ODS Steering Controller, Fixed [02001-1];;0397;02001-1;;;;;;;;;;ODS;ODS STS 2
;ODS;ODS STS Cab;;4070-154-2007;;;;;;;;;;;ODS;ODS STS 1
;ODS;ODS STS Cab;;4070-155-2007;;;;;;;;;;;ODS;ODS STS 2
;ODS;ODS STS Computer;;1609624;;;;;;;;;;;ODS;ODS STS 1
;ODS;ODS STS Computer;;1610670;;;;;;;;;;;ODS;ODS IOS
;ODS;ODS STS Computer;;1659295;;;;;;;;;;;ODS;ODS (6708C3 Bay 6 SPARE)
;ODS;ODS STS Computer;;1678750;;;;;;;;;;;ODS;ODS STS 2
;ODS;ODS Super CLose Projector System;;C8L52800216;;;;;;;;;;;ODS;ODS 1-1
;ODS;ODS Super CLose Projector System;;T8E22762394;;;;;;;;;;;ODS;ODS 2-2
;ODS;ODS Super CLose Projector System;;T8E22762466;;;;;;;;;;;ODS;ODS 2-1
;ODS;ODS Super CLose Projector System;;T8E22762576;;;;;;;;;;;ODS;ODS 1-3
;ODS;ODS Super CLose Projector System;;T8E22762586;;;;;;;;;;;ODS;ODS 2-3
;ODS;ODS Super CLose Projector System;;T8E22762676;;;;;;;;;;;ODS;ODS (Bldg 6708C3 Bay 6 SPARE)
;ODS;ODS Super CLose Projector System;;T8E22762801;;;;;;;;;;;ODS;ODS (Bldg 6708C3 Bay 6 SPARE)
;ODS;ODS Trailer (DUAL);;5JXJE443X8E192758;DUAL;;;;;;;;;;ODS;ODS
;ODS;Pelco Monitor Multiplexer [QD104M];;02270-25-003616;QD104M;;;;;;;;;;ODS;ODS Pelco Monitor Multiplexer IOS
;ODS;Pelco Monitor Multiplexer [QD104M];;9873039;QD104M;;;;;;;;;;ODS;ODS IOS Pelco Monitor Multiplexer
;ODS;Pelco Monitor [PMCL417];;0088026800;PMCL417;;;;;;;;;;ODS;ODS IOS
;ODS;Pelco Monitor [PMCL417];;0483470100;PMCL417;;;;;;;;;;ODS;ODS IOS
;ODS;Pelco Monitor [PMCL417];;CD6B040032;PMCL417;;;;;;;;;;ODS;ODS Overhead SPARE
;ODS;Power Tech Generator PT20-I;;KHA45DCHB5643-C;;;;;;;;;;;ODS;ODS
;ODS;Production Intercom [MS-200];;102834;MS-200;;;;;;;;;;ODS;ODS IOS
;ODS;Production Intercom Power Supply [PS-1];;;PS-1;;;;;;;;;;ODS;ODS
;ODS;Remote Control Monitor [RC5-RM-RS];;136845;RC5-RM-RS;;;;;;;;;;ODS;ODS
;ODS;Seat Shaker [02008-6];;0194;02008-6;;;;;;;;;;ODS;ODS STS-2
;ODS;Seat Shaker [02008-6];;0197;02008-6;;;;;;;;;;ODS;ODS STS-1
;ODS;SWITCH, CATALYST 2960S-24, CISCO [WS-C2960S-24TS-S];;FOC1611Y15T;WS-C2960S-24TS-S;;;;;;;;;;ODS;ODS IOS
;ODS;SWITCH, CATALYST 2960S-24, CISCO [WS-C2960S-24TS-S];;FOC1618Z066;WS-C2960S-24TS-S;;;;;;;;;;ODS;ODS STS-2
;ODS;SWITCH, CATALYST 2960S-24, CISCO [WS-C2960S-24TS-S];;FOC1618Z0NC;WS-C2960S-24TS-S;;;;;;;;;;ODS;ODS STS-1
;ODS;SWITCH, CATALYST 2960S-8, CISCO ;;FOC1502V4Q1;;;;;;;;;;;ODS;ODS (6708C3 Office SPARE)
;ODS;Tripp Lite 8-Outlet Power Strip;;;;;;;;;;;;;ODS;ODS
;ODS;Tripplite Power Filter;;2526AVHLC614900385;;;;;;;;;;;ODS;ODS STS-1
;ODS;Tripplite Power Filter;;2529AVHLC614900697;;;;;;;;;;;ODS;ODS IOS
;ODS;Tripplite Power Filter;;2529AVHLC614900699;;;;;;;;;;;ODS;ODS STS-2
;ODS;Tripplite Power Filter;;2529AVHLC614900700;;;;;;;;;;;ODS;ODS IOS
;ODS;Tripplite Power Filter;;2529AVHLC614900750;;;;;;;;;;;ODS;ODS STS-2
;ODS;Tripplite Power Filter;;2529AVHLC614900751;;;;;;;;;;;ODS;ODS STS-1
;ODS;Tripplite Power Filter;;2529AVHLC614900752;;;;;;;;;;;ODS;ODS IOS
;ODS;TV One Corio Scan [CS320];;AB35-00706;CS320;;;;;;;;;;ODS;ODS IOS
;ODS;TV One Corio Scan [CS320];;AB35-00707;CS320;;;;;;;;;;ODS;ODS IOS
;ODS;Yamaha Power Amplifier [P2500S];;086792658919;P2500S;;;;;;;;;;ODS;ODS IOS
;ODS;Yamaha Power Amplifier [P2500S];;UCCVY01030;P2500S;;;;;;;;;;ODS;ODS (6708C3 Bay 6 SPARE)
